<beans xmlns="http://www.springframework.org/schema/beans"
       xmlns:xsi="http://www.w3.org/2001/XMLSchema-instance"
       xmlns:context="http://www.springframework.org/schema/context"
       xsi:schemaLocation="http://www.springframework.org/schema/beans
	http://www.springframework.org/schema/beans/spring-beans-2.5.xsd
        http://www.springframework.org/schema/context 
        http://www.springframework.org/schema/context/spring-context-3.1.xsd">
        
    
    <context:component-scan base-package="controller"/>
    
    <context:annotation-config/>
    
    <bean id="viewResolver" class="org.springframework.web.servlet.view.UrlBasedViewResolver">
        <property name="viewClass" value="org.springframework.web.servlet.view.JstlView"/>
        <property name="prefix" value="/WEB-INF/jsp/"/>
        <property name="suffix" value=".jsp"/>
    </bean>

    <bean id="mailSender" class="org.springframework.mail.javamail.JavaMailSenderImpl">
        <property name="host" value="smtp.gmail.com" />
        <property name="port" value="587" />
        <property name="username" value="cardgamesupp@gmail.com" />
        <property name="password" value="Cg1234567890" />     
        <property name="javaMailProperties">
            <props>
                <prop key="mail.smtp.auth">true</prop>
                <prop key="mail.debug">true</prop>
                <prop key="mail.transport.protocol">smtp</prop>
                <prop key="mail.smtp.socketFactory.class">javax.net.ssl.SSLSocketFactory</prop>
                <prop key="mail.smtp.socketFactory.port">465</prop>
                <prop key="mail.smtp.starttls.enable">true</prop>
            </props>
        </property>
    </bean>
    
    <bean id="multipartResolver" class="org.springframework.web.multipart.commons.CommonsMultipartResolver">
        <property name="maxUploadSize" value="20971520" />
        <property name="maxInMemorySize" value="1048576" />
    </bean>
    
    <bean id="cdao" class="dao.CardDAO"/>
    <bean id="udao" class="dao.UserDAO"/>
    <bean id="ndao" class="dao.NewsDAO"/>
    <bean id="hand" class="entity.Deck" scope="prototype"/>
    <bean id="mServ" class="service.MainService"/>
    <bean id="cserv" class="service.CardService"/>
    <bean id="batt" class="battle.Battle"/>
    <bean id="bserv" class="battle.BattleService"/>
    <bean id="ws" class="service.WaitService"/>
    <bean id="battelsHolder" class="holders.BattlesHolder"/>
    <bean id="onlineHolder" class="holders.OnlineHolder"/>
    <bean id="waitHolder" class="holders.WaitHolder"/>
    <bean id="fserv" class="service.FinishService"/>
</beans>