<?xml version="1.0" encoding="UTF-8"?>
<!DOCTYPE hibernate-configuration PUBLIC "-//Hibernate/Hibernate Configuration DTD 3.0//EN" "http://hibernate.sourceforge.net/hibernate-configuration-3.0.dtd">

<hibernate-configuration>
  <session-factory>
    <property name="hibernate.dialect">org.hibernate.dialect.MySQLDialect</property>
    <property name="hibernate.connection.driver_class">com.mysql.jdbc.Driver</property>
    <property name="hibernate.connection.url">jdbc:mysql://contac01.mysql.ukraine.com.ua:3306/contac01_prilosh?zeroDateTimeBehavior=convertToNull</property>
    <property name="hibernate.connection.username">contac01_prilosh</property>
    <property name="hibernate.connection.password">4h57futz</property>
    <property name="show_sql">true</property>
    <mapping class="entity.Card"/>
    <mapping class="entity.User"/>
    <mapping class="entity.News"/>
  </session-factory>
</hibernate-configuration>
